label,aggregation,strategy,d_auprc,d_auroc,d_recall,d_bal,d_f1,d_acc,d_pos,family
icu,maximum deviation,oversample,-0.012692688817521502,-0.005669304021204469,0.055233904585456295,0.0035166393580965405,0.0026282207771789468,-0.009390206812652124,0.04994351755300658,deviation
icu,maximum deviation,undersample,-0.011142240443199891,-0.00465145845519388,0.18254979157017137,0.005504728886615462,-0.005960954470746294,-0.03867961418143895,0.17718109141466803,deviation
icu,maximum deviation,smote,-0.0047971169435523375,-0.004116495406314202,0.060459124594719804,0.004177754230600406,0.003119686518001985,-0.009868135210288509,0.05517900590893288,deviation
icu,mean,oversample,-0.0052836798004792795,-0.0021205343482436634,0.06870947197776756,0.00988064002226341,0.007542923239533428,-0.004801007994438722,0.05509210983663537,value
icu,mean,undersample,-0.006404576835808196,-0.003143444910475912,0.275055002315887,0.026931186832491294,0.0007583014879624095,-0.03499196211331257,0.2443952033368092,value
icu,mean,smote,-0.005122222603247906,-0.0025223515102545946,0.10978751736915249,0.016407145332698492,0.011461870245368377,-0.006897375738616596,0.08991571080987143,value
icu,mean deviation,oversample,-0.012011892882160757,-0.004949293720902248,0.053410143584992964,0.004395440359951319,0.0035267203701341288,-0.007836939520333708,0.047184567257559984,deviation
icu,mean deviation,undersample,-0.011282656310614425,-0.004267700943860864,0.18168133395090325,0.00636570174596629,-0.005269979973439254,-0.03738703510601327,0.17392248870351062,deviation
icu,mean deviation,smote,-0.004402295641449894,-0.0036094399128787646,0.058230083371931474,0.00442797631739833,0.00335045491795094,-0.008999174487313133,0.05344108446298229,deviation
icu,median,oversample,-0.005406641738575857,-0.0027415507468333544,0.07027269569245026,0.010166772046503403,0.007769826778282862,-0.004833594021550258,0.05641727493917276,value
icu,median,undersample,-0.006694672203007346,-0.0033159693311660687,0.2768063918480778,0.02775472582668148,0.0014701832579502305,-0.034399982620785585,0.24452554744525545,value
icu,median,smote,-0.005775908781711081,-0.0030614902620013096,0.11156785548865206,0.017184310219986676,0.012197659342034317,-0.0063705683003127955,0.08919881821341674,value
icu,standard deviation,oversample,-0.012633487459120518,-0.004963027691679112,0.054278601204261256,0.004268994621602018,0.003396072938325334,-0.00821167883211682,0.04803180396246087,deviation
icu,standard deviation,undersample,-0.012467856306200842,-0.0049162101962964,0.18194187123668365,0.005452854950747876,-0.006199298760011351,-0.038592718109141444,0.17626868265554396,deviation
icu,standard deviation,smote,-0.00467639061636449,-0.003849075785146705,0.05847614636405746,0.00383386594976165,0.0027423466885262426,-0.009802963156065325,0.054396941258255116,deviation
mortality,maximum deviation,oversample,-0.08828651233052465,-0.07025544021271035,-0.016816647919010125,-0.011275806586287462,-0.018247463576042067,-0.006805048661800539,0.00265033020507473,deviation
mortality,maximum deviation,undersample,-0.06632314232880865,-0.016332567802146092,0.6825084364454443,0.13759081379345328,-0.01353103666974842,-0.30208876433785203,0.4324817518248175,deviation
mortality,maximum deviation,smote,-0.06319798049319258,-0.01717475105990951,-0.022440944881889767,-0.011079202332497484,-0.021385525074547718,-0.0019117135905456495,-0.0023461939520333683,deviation
mortality,mean,oversample,-0.009179740602803133,0.009129576785684823,0.011192350956130484,0.004538152538204332,0.006630698350197806,-0.0008309436913450652,0.002737226277372263,value
mortality,mean,undersample,-0.02334857039840177,0.005964576598916138,0.6424634420697413,0.1625433087906597,-0.020335487089321314,-0.2246915189433436,0.3460853319429962,value
mortality,mean,smote,-0.005926958831223239,0.010948813771976984,0.05697412823397076,0.024318093044294442,0.03331704066009,-0.00203119568995469,0.012187174139728885,value
mortality,mean deviation,oversample,-0.08331627989643611,-0.06970367905865726,-0.014791901012373453,-0.01005002509680386,-0.01617154088014794,-0.00622393117831066,0.002802398331595412,deviation
mortality,mean deviation,undersample,-0.06239500691239086,-0.016793658857062077,0.689763779527559,0.14054219226215658,-0.010737540800345058,-0.30261014077163706,0.43380691692735485,deviation
mortality,mean deviation,smote,-0.06035275536971893,-0.019319239623505458,-0.02109111361079865,-0.010344171757187048,-0.020154521927504887,-0.0016727493917274572,-0.0020637817170663887,deviation
mortality,median,oversample,-0.008687192960095014,0.010062805438328937,0.011698537682789667,0.004809280383463288,0.0070764608589559685,-0.0007494786235661133,0.002563434132777199,value
mortality,median,undersample,-0.02352156059294669,0.006608095195449026,0.640607424071991,0.16165136875564345,-0.020522530802648875,-0.2248055700382342,0.34523809523809523,value
mortality,median,smote,-0.0058193435468744115,0.010727183716097599,0.05523059617547807,0.023518464942765882,0.03228911685450009,-0.00206921272158489,0.011622349669794927,value
mortality,standard deviation,oversample,-0.08492922618053336,-0.06861290733889946,-0.015579302587176602,-0.010302455775758279,-0.016795035705423123,-0.00604470802919721,0.002454814042405283,deviation
mortality,standard deviation,undersample,-0.06404956169883294,-0.01668901152727298,0.6890888638920135,0.1400634643359362,-0.012767357535632518,-0.3029305700382343,0.4334593326381648,deviation
mortality,standard deviation,smote,-0.061431531345329166,-0.018851110590039855,-0.022609673790776153,-0.010962181738728538,-0.021416337961632004,-0.0015641293013556323,-0.0023896419881821347,deviation
