label,aggregation,arm,strategy,n_records,prevalence,predicted_positive_rate,n_synthetic,mean_train_rows,smote_fallback_folds,trained_on_fraction,reused_from_cache,mcnemar_p,mcnemar_n01,mcnemar_n10,degenerate,recall,recall_std,balanced_accuracy,balanced_accuracy_std,auprc,auprc_std,auroc,auroc_std,f1_macro,f1_macro_std,accuracy,accuracy_std
icu,maximum deviation,raw,none,46032,0.3752172401807438,0.27072471324296143,0,36825.6,0,0.8,False,1.0,0,0,False,0.44887679481241316,0.0012491575388137823,0.6398634669472358,0.0012665319640064764,0.5667874493920128,0.0019489964548875505,0.6894839515715501,0.0009908556224857536,0.6437140057074655,0.0013537089032800047,0.687527155022593,0.00127362556326616
icu,maximum deviation,raw,oversample,46032,0.3752172401807438,0.320668230795968,0,46016.0,0,0.8,False,4.555359136901456e-15,1230,1651,False,0.5041106993978695,0.0016993585133672374,0.6433801063053324,0.0007853352624707188,0.5540947605744913,0.0017058340986808211,0.6838146475503456,0.0009794995428929628,0.6463422264846445,0.0007876044487017843,0.6781369482099409,0.0006303709649177438
icu,maximum deviation,raw,undersample,46032,0.3752172401807438,0.44790580465762947,0,27635.2,0,0.8,False,9.550870687550165e-79,3234,4926,False,0.6314265863825845,0.0012796454437992589,0.6453681958338513,0.0007663877120425999,0.5556452089488129,0.0019753911734635404,0.6848324931163562,0.0010662190469167981,0.6377530512367192,0.0007632529541416574,0.648847540841154,0.0007800064580123105
icu,maximum deviation,raw,smote,46032,0.3752172401807438,0.3259037191518943,183808,46016.0,0,0.8,False,5.263801892270102e-19,1326,1826,False,0.509335919407133,0.0009028757627229744,0.6440412211778362,0.0004296243739710448,0.5619903324484604,0.0024517750935118734,0.6853674561652359,0.0010751930049061262,0.6468336922254675,0.0004355980092001871,0.6776590198123045,0.00039493523989177524
icu,mean,raw,none,46032,0.3752172401807438,0.26718369829683697,0,36825.6,0,0.8,False,1.0,0,0,False,0.4897522000926354,0.0016725170015810889,0.6735009261937448,0.0011570390123265488,0.6811993734889044,0.0009066292955071842,0.78357442284207,0.0007776084904968547,0.6797109931648961,0.0012377461817567686,0.7193582725060828,0.0011002845218237459
icu,mean,raw,oversample,46032,0.3752172401807438,0.32227580813347234,0,46016.0,0,0.8,False,0.019590637579261435,1605,1741,False,0.558461672070403,0.0011169616501112004,0.6833815662160082,0.0007020513100268244,0.6759156936884251,0.0012365462587983554,0.7814538884938264,0.0006260324273428066,0.6872539164044296,0.0007204469290294223,0.714557264511644,0.0006698434615283517
icu,mean,raw,undersample,46032,0.3752172401807438,0.5115789016336462,0,27635.2,0,0.8,False,1.7263516754203676e-47,4858,6392,False,0.7648072024085224,0.0014464882303910495,0.7004321130262361,0.0007481214717955961,0.6747947966530962,0.0005298862802266165,0.7804309779315941,0.00029758431745657,0.6804692946528585,0.0008297336221291231,0.6843663103927702,0.0008830185385887637
icu,mean,raw,smote,46032,0.3752172401807438,0.3570994091067084,183808,46016.0,0,0.8,False,2.5619405487265418e-05,2135,2420,False,0.5995397174617879,0.001834698796963265,0.6899080715264433,0.0008284009391053166,0.6760771508856565,0.0012082558491619184,0.7810520713318154,0.0006444093345865673,0.6911728634102645,0.0007593976834231148,0.7124608967674662,0.0005794655312977549
icu,mean deviation,raw,none,46032,0.3752172401807438,0.273027459158846,0,36825.6,0,0.8,False,1.0,0,0,False,0.45232167670217693,0.0005738833835571684,0.6406601429407963,0.00017960818444643398,0.5674138837883221,0.0019324497113154435,0.6899758259164824,0.0010277150597428613,0.6445621759238507,0.00019146149207451612,0.6876629301355579,0.00018208045071083987
icu,mean deviation,raw,oversample,46032,0.3752172401807438,0.320212026416406,0,46016.0,0,0.8,False,5.906532137308709e-12,1213,1577,False,0.5057318202871699,0.0007670010015917053,0.6450555833007476,0.00020333977787573743,0.5554019909061614,0.0012098569136087469,0.6850265321955802,0.0007573960414026975,0.6480888962939848,0.00019499256142784243,0.6798259906152242,0.00014922914129336372
icu,mean deviation,raw,undersample,46032,0.3752172401807438,0.44694994786235664,0,27635.2,0,0.8,False,4.542531866868302e-75,3187,4823,False,0.6340030106530802,0.0012189383552238912,0.6470258446867626,0.0006710315436537502,0.5561312274777077,0.0011799180743297338,0.6857081249726216,0.0008295501212186611,0.6392921959504114,0.0006768824009035908,0.6502758950295446,0.0007056962926130111
icu,mean deviation,raw,smote,46032,0.3752172401807438,0.3264685436218283,183808,46016.0,0,0.8,False,1.9169424643914583e-11,1392,1770,False,0.5105517600741084,0.0025224753169190393,0.6450881192581946,0.001366361579930895,0.5630115881468722,0.00215965887016862,0.6863663860036037,0.0008825443636832786,0.6479126308418016,0.001371452766686349,0.6786637556482448,0.0011130644684080766
icu,median,raw,none,46032,0.3752172401807438,0.2686826555439694,0,36825.6,0,0.8,False,1.0,0,0,False,0.4892600741083835,0.0012353281781699837,0.6732939800305477,0.0005567723870708726,0.6814161067132976,0.0006841870946201254,0.7840998419664812,0.00041098497110669965,0.679495791788016,0.0005878163846072342,0.7192224973931178,0.0004794995720347191
icu,median,raw,oversample,46032,0.3752172401807438,0.3250999304831422,0,46016.0,0,0.8,False,0.001447564438075726,1577,1762,False,0.5595327698008338,0.001413672480263833,0.6834607520770511,0.0005073062612779434,0.6760094649747217,0.0010117542277030883,0.7813582912196478,0.0004892116189137406,0.6872656185662989,0.0005638374057913787,0.7143889033715676,0.000688924582239227
icu,median,raw,undersample,46032,0.3752172401807438,0.5132082029892249,0,27635.2,0,0.8,False,3.262335788151175e-45,4881,6377,False,0.7660664659564613,0.0018852177113437686,0.7010487058572292,0.0007179243687145833,0.6747214345102902,0.0004048317816519545,0.7807838726353151,0.00033363294446854514,0.6809659750459662,0.0005274145051005781,0.6848225147723322,0.00046955423579765957
icu,median,raw,smote,46032,0.3752172401807438,0.35788147375738616,183808,46016.0,0,0.8,False,0.000991671585633687,2142,2364,False,0.6008279295970356,0.0006977750575031113,0.6904782902505344,0.0007505191478818752,0.6756401979315865,0.00020398862579554115,0.7810383517044799,0.00026067116003272896,0.6916934511300503,0.0008010299370185458,0.712851929092805,0.0008302156888260958
icu,standard deviation,raw,none,46032,0.3752172401807438,0.27248435870698645,0,36825.6,0,0.8,False,1.0,0,0,False,0.45123610467809167,0.001609903271051118,0.6405780662472518,0.0010675845690442693,0.5677490328440911,0.0018578509377253924,0.690151595477836,0.0010492865389078784,0.6444762176766956,0.001139514145370378,0.6878312912756344,0.0009403482814460692
icu,standard deviation,raw,oversample,46032,0.3752172401807438,0.3205161626694473,0,46016.0,0,0.8,False,2.19075150038547e-12,1235,1610,False,0.5055147058823529,0.0006373621716160299,0.6448470608688538,0.0004746026069937383,0.5551155453849705,0.0008295312493224587,0.6851885677861569,0.0008011054337857149,0.6478722906150209,0.0004983905245795244,0.6796196124435175,0.0005139406378906455
icu,standard deviation,raw,undersample,46032,0.3752172401807438,0.4487530413625304,0,27635.2,0,0.8,False,5.025586667258313e-83,3194,4928,False,0.6331779759147753,0.0008522643063927592,0.6460309211979997,0.0005171236497217216,0.5552811765378902,0.0016088526318364517,0.6852353852815396,0.0009241097053466369,0.6382769189166843,0.0004776117845358114,0.6492385731664929,0.00044238523922874613
icu,standard deviation,raw,smote,46032,0.3752172401807438,0.32688129996524157,183808,46016.0,0,0.8,False,1.677207384478198e-14,1380,1814,False,0.5097122510421491,0.0010880780091855379,0.6444119321970134,0.000785505657871203,0.5630726422277266,0.0016934792585239643,0.6863025196926893,0.0008578681339395109,0.6472185643652218,0.0008075064653999304,0.678028328119569,0.0007457700683773128
mortality,maximum deviation,raw,none,46032,0.0965632603406326,0.0047575599582898856,0,36825.6,0,0.8,False,1.0,0,0,False,0.03374578177727784,0.0019023098453642023,0.5154872415270596,0.0009332052061783438,0.24545518030464086,0.0010889601408365743,0.7169381693568632,0.0005891670708243204,0.506598136261349,0.0017617289782763776,0.9041916492874522,0.00020400634309821912
mortality,maximum deviation,raw,oversample,46032,0.0965632603406326,0.0074078901633646155,0,66539.2,0,0.8,False,9.059247804452112e-43,70,336,False,0.016929133858267716,0.0008013389678726107,0.5042114349407721,0.00036672534677047316,0.15716866797411622,0.0007261717817174866,0.6466827291441528,0.0008623894114980139,0.4883506726853069,0.0007088127810212282,0.8973866006256517,0.00013435563170024426
mortality,maximum deviation,raw,undersample,46032,0.0965632603406326,0.4372393117831074,0,7112.0,0,0.8,False,0.0,3106,16810,False,0.7162542182227222,0.0050113085608185295,0.6530780553205129,0.002284846197085277,0.17913203797583221,0.0013995765871914973,0.7006056015547171,0.0015435732903109204,0.49306709959160056,0.0012893145492553137,0.6021028849496002,0.0018723658838454237
mortality,maximum deviation,raw,smote,46032,0.0965632603406326,0.0024113660062565173,594272,66539.2,0,0.8,False,7.271950547930828e-09,56,136,False,0.011304836895388075,0.0004016551422127585,0.5044080391945621,0.00026188013403504276,0.18225719981144828,0.0008810673077300821,0.6997634182969537,0.00047558923334550774,0.48521261118680126,0.0004319394475301934,0.9022799356969066,0.0001832913737257316
mortality,mean,raw,none,46032,0.0965632603406326,0.01279544664581161,0,36825.6,0,0.8,False,1.0,0,0,False,0.11574803149606298,0.0008189099987942079,0.5568340272900999,0.0004314317743769051,0.39282468730318154,0.0012141402609126067,0.7926656405968346,0.000882216391596147,0.5788803117923595,0.0007179611402467695,0.9127346193952033,0.00014572914347626243
mortality,mean,raw,oversample,46032,0.0965632603406326,0.015532672923183872,0,66539.2,0,0.8,False,0.1706919895992152,129,153,False,0.12694038245219347,0.001194418480404681,0.5613721798283042,0.0006214150296352933,0.3836449467003784,0.0015570259262080713,0.8017952173825195,0.0008484464704389967,0.5855110101425574,0.000996449752660109,0.9119036757038582,0.00016065128017192355
mortality,mean,raw,undersample,46032,0.0965632603406326,0.3588807785888078,0,7112.0,0,0.8,False,0.0,2872,13059,False,0.7582114735658042,0.002537175156049492,0.7193773360807596,0.0010423918687711721,0.36947611690477977,0.003581467886168502,0.7986302171957508,0.001446087453997092,0.5585448247030382,0.0006918292090617963,0.6880431004518597,0.0010228760311951184
mortality,mean,raw,smote,46032,0.0965632603406326,0.024982620785540494,594272,66539.2,0,0.8,False,0.0039995967066621665,277,350,False,0.17272215973003374,0.0011402213123010874,0.5811521203343943,0.0004612762241722991,0.3868977284719583,0.0018813279808391537,0.8036144543688116,0.0008147798410905739,0.6121973524524496,0.0005558594117376889,0.9107034237052486,0.00018592764564456777
mortality,mean deviation,raw,none,46032,0.0965632603406326,0.004257907542579075,0,36825.6,0,0.8,False,1.0,0,0,False,0.030708661417322834,0.0009068906353541682,0.5139867158290115,0.00039772652610620357,0.24053120252295038,0.002081836166281275,0.7179574124128033,0.0014770939180879005,0.5037623672566564,0.000789884041804906,0.9039309610705596,0.00021690047736049753
mortality,mean deviation,raw,oversample,46032,0.0965632603406326,0.007060305874174487,0,66539.2,0,0.8,False,1.3681547695859827e-43,59,316,False,0.01591676040494938,0.0009594331894956117,0.5039366907322076,0.0004921742135018924,0.15721492262651426,0.0007468283375111138,0.648253733354146,0.0013457967570113796,0.4875908263765084,0.0008974017865743539,0.8977070298922489,0.00013247643940793083
mortality,mean deviation,raw,undersample,46032,0.0965632603406326,0.43806482446993394,0,7112.0,0,0.8,False,0.0,3132,16839,False,0.7204724409448818,0.004971064070637668,0.654528908091168,0.0018161956140624374,0.17813619561055952,0.00106306978055687,0.7011637535557412,0.0015011929603714004,0.4930248264563113,0.0008913553533801611,0.6013208202989225,0.0016473052320236947
mortality,mean deviation,raw,smote,46032,0.0965632603406326,0.0021941258255126867,594272,66539.2,0,0.8,False,5.636664667131665e-08,50,121,False,0.009617547806524185,0.00043201044701173257,0.5036425440718244,0.00018234039634057849,0.18017844715323145,0.0004837140294995814,0.6986381727892979,0.0005450460888597035,0.48360784532915146,0.0004012979008940291,0.9022582116788321,7.266188825302649e-05
mortality,median,raw,none,46032,0.0965632603406326,0.01279544664581161,0,36825.6,0,0.8,False,1.0,0,0,False,0.1155230596175478,0.00011248593925759082,0.5567185356038541,3.932437491075925e-05,0.39197539277329063,0.0008577288056275604,0.79209309211586,0.0005088264285938947,0.5786904702905891,5.971620729969148e-05,0.9127074643726103,4.171633726468797e-05
mortality,median,raw,oversample,46032,0.0965632603406326,0.015358880778588808,0,66539.2,0,0.8,False,0.29905406077947067,125,143,False,0.12722159730033747,0.0004637914089558659,0.5615278159873174,0.00021300456251581394,0.3832881998131956,0.0013520356729044395,0.8021558975541889,0.0008847460753133009,0.585766931149545,0.0003255074545946213,0.9119579857490442,5.6178747571197664e-05
mortality,median,raw,undersample,46032,0.0965632603406326,0.35803354188390685,0,7112.0,0,0.8,False,0.0,2878,13014,False,0.7561304836895388,0.004071307327526168,0.7183699043594975,0.001253438030615565,0.36845383218034394,0.0033054588193936123,0.798701187311309,0.0015076763245795608,0.5581679394879402,0.0010316800184114656,0.6879018943343761,0.0018529517739729788
mortality,median,raw,smote,46032,0.0965632603406326,0.024417796315606536,594272,66539.2,0,0.8,False,0.004389815217942843,267,338,False,0.17075365579302587,0.0019805193320201328,0.58023700054662,0.000997566954212499,0.3861560492264162,0.0008863515100457974,0.8028202758319576,0.00040680329427388826,0.6109795871450892,0.0014182427927257857,0.9106382516510254,0.0002063781717066399
mortality,standard deviation,raw,none,46032,0.0965632603406326,0.0046923879040667365,0,36825.6,0,0.8,False,1.0,0,0,False,0.03295838020247469,0.0007202614440306922,0.5149973568360343,0.00034840180849763166,0.24372983871461237,0.0020815724316588574,0.718297631866279,0.0011092071731491722,0.5057612897857517,0.0006556036214484585,0.9039418230795968,0.00019453309315881453
mortality,standard deviation,raw,oversample,46032,0.0965632603406326,0.007147201946472019,0,66539.2,0,0.8,False,7.948314331849294e-42,64,319,False,0.01737907761529809,0.0006437302104757928,0.504694901060276,0.0003362502373548793,0.158800612534079,0.0006330138353117571,0.6496847245273796,0.0010216182933395486,0.4889662540803286,0.0006059038009891073,0.8978971150503996,0.00010304606556856372
mortality,standard deviation,raw,undersample,46032,0.0965632603406326,0.4381517205422315,0,7112.0,0,0.8,False,0.0,3122,16833,False,0.7220472440944882,0.006445159662891711,0.6550608211719705,0.001599121942179967,0.17968027701577943,0.0007506762915844644,0.7016086203390061,0.0009928928980180794,0.4929939322501192,0.0009173022457443038,0.6010112530413625,0.002408691833158456
mortality,standard deviation,raw,smote,46032,0.0965632603406326,0.002302745915884602,594272,66539.2,0,0.8,False,1.9303154296651502e-08,50,124,False,0.010348706411698539,0.0009676406374626124,0.5040351750973058,0.00047662689908297914,0.1822983073692832,0.0011475027399972812,0.6994465212762392,0.0006908013037144318,0.48434495182411974,0.0009426343330285006,0.9023776937782412,0.00020342718978457952
